Annie,Page,Annie.Page,Female,1
Dolores,Lindstrom,Dolores.Lindstrom,Female,1
Iris,Hunt,Iris.Hunt,Female,1
Katherine,Cobb,Katherine.Cobb,Female,1
Nancy,Golden,Nancy.Golden,Female,1
Mary,Cheek,Mary.Cheek,Female,1
Jane,Clark,Jane.Clark,Female,1
Regenia,Naylor,Regenia.Naylor,Female,1
Verla,Furches,Verla.Furches,Female,1
Shirley,Fernandez,Shirley.Fernandez,Female,1
Ana,Finney,Ana.Finney,Female,1
Cynthia,Jackson,Cynthia.Jackson,Female,1
Florence,Johnson,Florence.Johnson,Female,1
Molly,Worley,Molly.Worley,Female,1
Veronica,Demott,Veronica.Demott,Female,1
Georgia,Stevens,Georgia.Stevens,Female,1
Patsy,Roberson,Patsy.Roberson,Female,1
Judith,Adams,Judith.Adams,Female,1
Maria,Brasher,Maria.Brasher,Female,1
Lisa,Lopez,Lisa.Lopez,Female,1
Amy,Favreau,Amy.Favreau,Female,1
Irene,Giles,Irene.Giles,Female,1
Carol,Harness,Carol.Harness,Female,1
Mindy,Samons,Mindy.Samons,Female,1
Elsie,Pavlosky,Elsie.Pavlosky,Female,1
Sara,Haas,Sara.Haas,Female,1
Jean,Walters,Jean.Walters,Female,1
Nadine,Young,Nadine.Young,Female,1
Rosa,Crenshaw,Rosa.Crenshaw,Female,1
Georgia,Westbrooks,Georgia.Westbrooks,Female,1
Mary,Brun,Mary.Brun,Female,1
Christy,Parker,Christy.Parker,Female,1
Tijuana,Strain,Tijuana.Strain,Female,1
Julia,Denyes,Julia.Denyes,Female,1
Debra,Do,Debra.Do,Female,1
Diana,Emery,Diana.Emery,Female,1
Dulce,Cherry,Dulce.Cherry,Female,1
Georgette,Ragland,Georgette.Ragland,Female,1
Jody,Jackson,Jody.Jackson,Female,1
Tasha,Silva,Tasha.Silva,Female,1
Gloria,Smith,Gloria.Smith,Female,1
Carrie,Cordeiro,Carrie.Cordeiro,Female,1
Pamela,Kirkland,Pamela.Kirkland,Female,1
Linda,Barrera,Linda.Barrera,Female,1
Cathy,Auxier,Cathy.Auxier,Female,1
Tina,Hensley,Tina.Hensley,Female,1
Brenda,Davis,Brenda.Davis,Female,1
Megan,Pons,Megan.Pons,Female,1
Christy,Royal,Christy.Royal,Female,1
Janet,Refazo,Janet.Refazo,Female,1
Cora,Molina,Cora.Molina,Female,1
Bernice,Saunders,Bernice.Saunders,Female,1
Brenda,Norton,Brenda.Norton,Female,1
Claudia,Norwood,Claudia.Norwood,Female,1
Cynthia,Kimball,Cynthia.Kimball,Female,1
Stephanie,Huerta,Stephanie.Huerta,Female,1
Lonna,Powell,Lonna.Powell,Female,1
Maria,Halbert,Maria.Halbert,Female,1
Margaret,Lindemann,Margaret.Lindemann,Female,1
Helen,Timm,Helen.Timm,Female,1
Jeri,Field,Jeri.Field,Female,1
Anna,Dixon,Anna.Dixon,Female,1
Tammy,Hailey,Tammy.Hailey,Female,1
Ashley,Miller,Ashley.Miller,Female,1
Rita,Hugo,Rita.Hugo,Female,1
Alice,Miller,Alice.Miller,Female,1
Dana,Douglas,Dana.Douglas,Female,1
Vanessa,Hooper,Vanessa.Hooper,Female,1
Jennie,Dubois,Jennie.Dubois,Female,1
Charlotte,Richardson,Charlotte.Richardson,Female,1
Delphine,Rogers,Delphine.Rogers,Female,1
Nettie,Ferguson,Nettie.Ferguson,Female,1
Dolores,Hall,Dolores.Hall,Female,1
Carol,Richardson,Carol.Richardson,Female,1
Carolyn,Pirman,Carolyn.Pirman,Female,1
Angela,Lee,Angela.Lee,Female,1
Ruby,Gatto,Ruby.Gatto,Female,1
Hazel,Bond,Hazel.Bond,Female,1
Florence,Hamilton,Florence.Hamilton,Female,1
Blanche,Stella,Blanche.Stella,Female,1
Patricia,Griglen,Patricia.Griglen,Female,1
Lori,Looney,Lori.Looney,Female,1
Nikki,Langham,Nikki.Langham,Female,1
Rosa,Rosen,Rosa.Rosen,Female,1
Crystal,Thayer,Crystal.Thayer,Female,1
Barbara,Campbell,Barbara.Campbell,Female,1
Marcella,Hoke,Marcella.Hoke,Female,1
Barbara,Shelpman,Barbara.Shelpman,Female,1
Ria,Ballard,Ria.Ballard,Female,1
Dorothy,Kilgore,Dorothy.Kilgore,Female,1
Sherry,King,Sherry.King,Female,1
Pura,Simmons,Pura.Simmons,Female,1
Carolyn,Morris,Carolyn.Morris,Female,1
Donna,Kenyon,Donna.Kenyon,Female,1
Virginia,Williams,Virginia.Williams,Female,1
Elisa,Bradford,Elisa.Bradford,Female,1
Amy,Burris,Amy.Burris,Female,1
Kay,Garcia,Kay.Garcia,Female,1
Andrea,Hanson,Andrea.Hanson,Female,1
Ruby,Blatz,Ruby.Blatz,Female,1
Maria,Catanzarite,Maria.Catanzarite,Female,1
Denise,Weston,Denise.Weston,Female,1
Dorothy,Sellner,Dorothy.Sellner,Female,1
Amy,Craig,Amy.Craig,Female,1
Edwina,Buckley,Edwina.Buckley,Female,1
Yolanda,Tribley,Yolanda.Tribley,Female,1
Anne,Freeman,Anne.Freeman,Female,1
Bertha,Bryant,Bertha.Bryant,Female,1
Andrea,Obrian,Andrea.Obrian,Female,1
Lori,Thome,Lori.Thome,Female,1
Gloria,Ortiz,Gloria.Ortiz,Female,1
Maureen,Frascone,Maureen.Frascone,Female,1
Juanita,Chapman,Juanita.Chapman,Female,1
Viola,Vargas,Viola.Vargas,Female,1
Betty,Fischer,Betty.Fischer,Female,1
Jackie,Henkes,Jackie.Henkes,Female,1
Marian,Wilt,Marian.Wilt,Female,1
Diane,Mcmahon,Diane.Mcmahon,Female,1
Janelle,Maurer,Janelle.Maurer,Female,1
Martha,Washington,Martha.Washington,Female,1
Delana,Wygant,Delana.Wygant,Female,1
Lois,Lowe,Lois.Lowe,Female,1
Emily,Muse,Emily.Muse,Female,1
Rachel,Homan,Rachel.Homan,Female,1
Eileen,Velasquez,Eileen.Velasquez,Female,1
Sunday,Watts,Sunday.Watts,Female,1
Nancy,Terry,Nancy.Terry,Female,1
Ruby,Ruiz,Ruby.Ruiz,Female,1
Stacie,Register,Stacie.Register,Female,1
Jutta,Hensley,Jutta.Hensley,Female,1
Diana,Cathey,Diana.Cathey,Female,1
Frances,Eudy,Frances.Eudy,Female,1
Lynn,Suazo,Lynn.Suazo,Female,1
Caroline,Couts,Caroline.Couts,Female,1
Evelyn,Mitchell,Evelyn.Mitchell,Female,1
Jessie,Branch,Jessie.Branch,Female,1
Ruth,Stevens,Ruth.Stevens,Female,1
Magdalene,Hatch,Magdalene.Hatch,Female,1
Joyce,Spears,Joyce.Spears,Female,1
Edna,Sylvester,Edna.Sylvester,Female,1
Mavis,Mitchell,Mavis.Mitchell,Female,1
Rosa,Collins,Rosa.Collins,Female,1
Annette,Hernandez,Annette.Hernandez,Female,1
Julie,Jones,Julie.Jones,Female,1
Edythe,Rankin,Edythe.Rankin,Female,1
Heidi,Scheffel,Heidi.Scheffel,Female,1
Hester,Spicer,Hester.Spicer,Female,1
Shannon,Donaldson,Shannon.Donaldson,Female,1
Vanessa,Krasley,Vanessa.Krasley,Female,1
Deborah,Hill,Deborah.Hill,Female,1
Joan,Goodwyn,Joan.Goodwyn,Female,1
Catalina,Smith,Catalina.Smith,Female,1
Alexandra,Perrone,Alexandra.Perrone,Female,1
Emilia,Clarke,Emilia.Clarke,Female,1
Henrietta,Baker,Henrietta.Baker,Female,1
Abbey,Swart,Abbey.Swart,Female,1
Ann,Ebersole,Ann.Ebersole,Female,1
Merle,Briggs,Merle.Briggs,Female,1
Katherine,Boudreau,Katherine.Boudreau,Female,1
Alexandra,Brown,Alexandra.Brown,Female,1
Edna,Langhorne,Edna.Langhorne,Female,1
Charlene,Furr,Charlene.Furr,Female,1
Joan,Daniel,Joan.Daniel,Female,1
Elva,Barberio,Elva.Barberio,Female,1
Louise,Kimball,Louise.Kimball,Female,1
Joann,Rustin,Joann.Rustin,Female,1
Stacy,Frazier,Stacy.Frazier,Female,1
Tammy,Christopher,Tammy.Christopher,Female,1
Elvira,Justus,Elvira.Justus,Female,1
Barbara,Cross,Barbara.Cross,Female,1
Barbara,Coughlin,Barbara.Coughlin,Female,1
Joyce,Taylor,Joyce.Taylor,Female,1
Shana,Aldred,Shana.Aldred,Female,1
Jody,Eckhart,Jody.Eckhart,Female,1
Jeanne,Happel,Jeanne.Happel,Female,1
Olympia,Simms,Olympia.Simms,Female,1
Rebecca,Jones,Rebecca.Jones,Female,1
Marcie,Hesse,Marcie.Hesse,Female,1
Donna,Hurley,Donna.Hurley,Female,1
Pamela,Fryar,Pamela.Fryar,Female,1
Alicia,Bryant,Alicia.Bryant,Female,1
Margaret,Vasquez,Margaret.Vasquez,Female,1
Jessica,Cegielski,Jessica.Cegielski,Female,1
Crystal,Vanderweide,Crystal.Vanderweide,Female,1
Joan,Gable,Joan.Gable,Female,1
Debbie,Whittman,Debbie.Whittman,Female,1
Sarah,Fenn,Sarah.Fenn,Female,1
Mary,Williamson,Mary.Williamson,Female,1
Brittany,Hardesty,Brittany.Hardesty,Female,1
Joan,Keith,Joan.Keith,Female,1
Verna,Daley,Verna.Daley,Female,1
Tina,Sanchez,Tina.Sanchez,Female,1
Beth,Daugherty,Beth.Daugherty,Female,1
Gale,Farley,Gale.Farley,Female,1
Mary,Morefield,Mary.Morefield,Female,1
Lynn,Blazek,Lynn.Blazek,Female,1
Barbara,Walters,Barbara.Walters,Female,1
Dixie,Vang,Dixie.Vang,Female,1
Mary,Hoey,Mary.Hoey,Female,1
Joelle,Devito,Joelle.Devito,Female,1
Lucille,Shifflett,Lucille.Shifflett,Female,1
Carolyn,Roby,Carolyn.Roby,Female,1
Ida,Roder,Ida.Roder,Female,1
Barbara,Miller,Barbara.Miller,Female,1
Jaime,Smith,Jaime.Smith,Female,1
Cherry,Disalvo,Cherry.Disalvo,Female,1
Eleanor,Guerriero,Eleanor.Guerriero,Female,1
Christi,Mcgough,Christi.Mcgough,Female,1
Laura,Johnson,Laura.Johnson,Female,1
Angelica,Meikle,Angelica.Meikle,Female,1
Jackie,Kelly,Jackie.Kelly,Female,1
Lawanda,Gosch,Lawanda.Gosch,Female,1
Nancy,Johnson,Nancy.Johnson,Female,1
Lawanda,Azcona,Lawanda.Azcona,Female,1
Kim,Albrecht,Kim.Albrecht,Female,1
Alma,Pries,Alma.Pries,Female,1
Grace,Rombough,Grace.Rombough,Female,1
Dorine,Cobb,Dorine.Cobb,Female,1
Heather,Nalley,Heather.Nalley,Female,1
Shirley,Warfield,Shirley.Warfield,Female,1
Jackie,Suh,Jackie.Suh,Female,1
Marsha,Forcello,Marsha.Forcello,Female,1
Rosaura,Wiley,Rosaura.Wiley,Female,1
Arlene,Sweeney,Arlene.Sweeney,Female,1
Tina,Leroux,Tina.Leroux,Female,1
Gail,Mcfarland,Gail.Mcfarland,Female,1
Judith,Travis,Judith.Travis,Female,1
Mary,Mazurek,Mary.Mazurek,Female,1
Janette,Demarais,Janette.Demarais,Female,1
Esther,Kloepper,Esther.Kloepper,Female,1
Crystal,Richard,Crystal.Richard,Female,1
Courtney,Huntley,Courtney.Huntley,Female,1
Rebecca,Welter,Rebecca.Welter,Female,1
Sheila,Hartzog,Sheila.Hartzog,Female,1
Hilda,Collins,Hilda.Collins,Female,1
Rita,Hughes,Rita.Hughes,Female,1
Sharon,Bell,Sharon.Bell,Female,1
Suzette,Bass,Suzette.Bass,Female,1
Toni,Wall,Toni.Wall,Female,1
Karen,Smith,Karen.Smith,Female,1
Kelly,Klauer,Kelly.Klauer,Female,1
Linda,Thomas,Linda.Thomas,Female,1
Katherine,Israel,Katherine.Israel,Female,1
Joanne,Francis,Joanne.Francis,Female,1
Ashley,Quinones,Ashley.Quinones,Female,1
Missy,Kerwood,Missy.Kerwood,Female,1
Hattie,Funston,Hattie.Funston,Female,1
Janice,Stillwagon,Janice.Stillwagon,Female,1
Lillian,Anderson,Lillian.Anderson,Female,1
Doris,Satterlee,Doris.Satterlee,Female,1
Esmeralda,Hoefle,Esmeralda.Hoefle,Female,1
Kathleen,Nguyen,Kathleen.Nguyen,Female,1
Jessica,Graber,Jessica.Graber,Female,1
Jamie,Levy,Jamie.Levy,Female,1
Annie,Parr,Annie.Parr,Female,1
Gina,Crawford,Gina.Crawford,Female,1
Tanya,Maynard,Tanya.Maynard,Female,1
Roxanne,Jenkins,Roxanne.Jenkins,Female,1
Olive,Dupre,Olive.Dupre,Female,1
Jacqueline,Steele,Jacqueline.Steele,Female,1
Jenny,Gilbert,Jenny.Gilbert,Female,1
Jean,Michalenko,Jean.Michalenko,Female,1
Rosa,Heller,Rosa.Heller,Female,1
Kelli,Ramsey,Kelli.Ramsey,Female,1
Donna,Little,Donna.Little,Female,1
Margaret,Darby,Margaret.Darby,Female,1
Hannah,Mcclain,Hannah.Mcclain,Female,1
Barbara,Goodman,Barbara.Goodman,Female,1
Virginia,Camfield,Virginia.Camfield,Female,1
Georgia,Salisbury,Georgia.Salisbury,Female,1
Lillian,Guerin,Lillian.Guerin,Female,1
Barbara,Dougherty,Barbara.Dougherty,Female,1
Georgia,Williams,Georgia.Williams,Female,1
Lana,Roberts,Lana.Roberts,Female,1
Crystal,Toma,Crystal.Toma,Female,1
Nan,Cathcart,Nan.Cathcart,Female,1
Reyna,Theil,Reyna.Theil,Female,1
Mary,Birkholz,Mary.Birkholz,Female,1
Rebecca,Alexander,Rebecca.Alexander,Female,1
Tina,Biggers,Tina.Biggers,Female,1
Kathleen,Bent,Kathleen.Bent,Female,1
Gail,Runge,Gail.Runge,Female,1
Charity,Mitchell,Charity.Mitchell,Female,1
Sharon,Moore,Sharon.Moore,Female,1
Maude,Hoffman,Maude.Hoffman,Female,1
Samantha,Laird,Samantha.Laird,Female,1
Stephanie,Serrano,Stephanie.Serrano,Female,1
Diana,Royce,Diana.Royce,Female,1
Mary,Curry,Mary.Curry,Female,1
Eileen,Gonsoulin,Eileen.Gonsoulin,Female,1
Helen,Gamble,Helen.Gamble,Female,1
Sharon,Shouse,Sharon.Shouse,Female,1
Lori,Neal,Lori.Neal,Female,1
Jacqueline,Buchholz,Jacqueline.Buchholz,Female,1
Megan,Luvene,Megan.Luvene,Female,1
Caridad,Fishman,Caridad.Fishman,Female,1
Katie,Gregory,Katie.Gregory,Female,1
Rose,Yoon,Rose.Yoon,Female,1
Jen,Bone,Jen.Bone,Female,1
Hannah,Larsen,Hannah.Larsen,Female,1
Ruth,Ramirez,Ruth.Ramirez,Female,1
Arlene,Hartrick,Arlene.Hartrick,Female,1
Alexandra,Richards,Alexandra.Richards,Female,1
Eleanor,Boyd,Eleanor.Boyd,Female,1
Christine,Chambers,Christine.Chambers,Female,1
Carol,Scott,Carol.Scott,Female,1
Diana,Price,Diana.Price,Female,1
Deborah,Bailey,Deborah.Bailey,Female,1
Maria,Glass,Maria.Glass,Female,1
Angela,Neff,Angela.Neff,Female,1
Rena,Costley,Rena.Costley,Female,1
Marla,Nichols,Marla.Nichols,Female,1
Jamie,Mcbride,Jamie.Mcbride,Female,1
Lourie,Gallogly,Lourie.Gallogly,Female,1
Tracey,Rina,Tracey.Rina,Female,1
Louise,Knaub,Louise.Knaub,Female,1
Pauline,Kessler,Pauline.Kessler,Female,1
Mary,Solomon,Mary.Solomon,Female,1
Alice,Tovar,Alice.Tovar,Female,1
Teresa,Tobin,Teresa.Tobin,Female,1
Gidget,Martin,Gidget.Martin,Female,1
Kristine,Murphy,Kristine.Murphy,Female,1
Thersa,Kimmel,Thersa.Kimmel,Female,1
Ann,Reyes,Ann.Reyes,Female,1
Delores,Eaton,Delores.Eaton,Female,1
Phyllis,Ortiz,Phyllis.Ortiz,Female,1
Gloria,Hall,Gloria.Hall,Female,1
Ann,Carter,Ann.Carter,Female,1
Mary,Sanders,Mary.Sanders,Female,1
Tracy,Kane,Tracy.Kane,Female,1
Dalene,Leaf,Dalene.Leaf,Female,1
Ruth,Mason,Ruth.Mason,Female,1
Libby,Mclean,Libby.Mclean,Female,1
Holly,Latham,Holly.Latham,Female,1
Bonnie,Dobles,Bonnie.Dobles,Female,1
Maggie,Marrero,Maggie.Marrero,Female,1
Kylie,Allen,Kylie.Allen,Female,1
Theresa,Downing,Theresa.Downing,Female,1
Lee,Koehl,Lee.Koehl,Female,1
Loraine,Galloway,Loraine.Galloway,Female,1
Kathy,Withers,Kathy.Withers,Female,1
Kathleen,Armstrong,Kathleen.Armstrong,Female,1
Jean,Hunter,Jean.Hunter,Female,1
Heather,Lombardo,Heather.Lombardo,Female,1
Mary,Kittredge,Mary.Kittredge,Female,1
Selma,White,Selma.White,Female,1
Lisa,Carter,Lisa.Carter,Female,1
Anita,Gonzales,Anita.Gonzales,Female,1
Barbara,Viera,Barbara.Viera,Female,1
Amanda,Jablonski,Amanda.Jablonski,Female,1
Gail,Sanders,Gail.Sanders,Female,1
Cristina,Mcintosh,Cristina.Mcintosh,Female,1
Ella,Zepeda,Ella.Zepeda,Female,1
Virginia,Grimes,Virginia.Grimes,Female,1
Becky,Curci,Becky.Curci,Female,1
Kimberly,Herr,Kimberly.Herr,Female,1
Opal,Zukof,Opal.Zukof,Female,1
Constance,Patter,Constance.Patter,Female,1
Ruth,Holcombe,Ruth.Holcombe,Female,1
Charisse,Baskin,Charisse.Baskin,Female,1
Patricia,Keim,Patricia.Keim,Female,1
Crystal,Byrant,Crystal.Byrant,Female,1
Velia,Watkins,Velia.Watkins,Female,1
Libby,Denson,Libby.Denson,Female,1
Rita,Stevens,Rita.Stevens,Female,1
Sabrina,Selph,Sabrina.Selph,Female,1
Kate,Melgarejo,Kate.Melgarejo,Female,1
Debra,Stephens,Debra.Stephens,Female,1
Cassandra,Word,Cassandra.Word,Female,1
Jane,Kiedrowski,Jane.Kiedrowski,Female,1
Barbara,Hayes,Barbara.Hayes,Female,1
Mary,Baldwin,Mary.Baldwin,Female,1
Clara,Shirley,Clara.Shirley,Female,1
Earlene,Anderson,Earlene.Anderson,Female,1
Michele,Nichols,Michele.Nichols,Female,1
Megan,Williams,Megan.Williams,Female,1
Jeanne,Lee,Jeanne.Lee,Female,1
Roberta,Brown,Roberta.Brown,Female,1
Denise,Rivera,Denise.Rivera,Female,1
Patricia,Torres,Patricia.Torres,Female,1
Iva,Glover,Iva.Glover,Female,1
Jennie,Moore,Jennie.Moore,Female,1
Nicole,Blaney,Nicole.Blaney,Female,1
Catherine,Melendez,Catherine.Melendez,Female,1
Pamela,Mallard,Pamela.Mallard,Female,1
Danielle,Asquith,Danielle.Asquith,Female,1
Rose,Reyes,Rose.Reyes,Female,1
Lisa,Kenney,Lisa.Kenney,Female,1
Andrea,Rice,Andrea.Rice,Female,1
Cheryl,Rehart,Cheryl.Rehart,Female,1
Vivian,Morrow,Vivian.Morrow,Female,1
Bernice,Brooks,Bernice.Brooks,Female,1
Ola,Adams,Ola.Adams,Female,1
Dora,Reece,Dora.Reece,Female,1
Adria,Pisani,Adria.Pisani,Female,1
Annie,Shanks,Annie.Shanks,Female,1
Donna,Aste,Donna.Aste,Female,1
Aura,Williams,Aura.Williams,Female,1
Barbara,Gonzalez,Barbara.Gonzalez,Female,1
Eva,Pater,Eva.Pater,Female,1
Mona,Smart,Mona.Smart,Female,1
Carol,Jones,Carol.Jones,Female,1
Sheryl,Noell,Sheryl.Noell,Female,1
Latasha,Solarzano,Latasha.Solarzano,Female,1
Leslie,Brei,Leslie.Brei,Female,1
Judith,Feldkamp,Judith.Feldkamp,Female,1
Audrey,Jones,Audrey.Jones,Female,1
Teresa,Macomber,Teresa.Macomber,Female,1
Diane,Miller,Diane.Miller,Female,1
Audrey,Hardin,Audrey.Hardin,Female,1
Nancy,Koopman,Nancy.Koopman,Female,1
Peggy,Schuster,Peggy.Schuster,Female,1
Catherine,Moreau,Catherine.Moreau,Female,1
Christina,Barron,Christina.Barron,Female,1
Rebecca,Tyner,Rebecca.Tyner,Female,1
Ethel,Petela,Ethel.Petela,Female,1
Janice,Hefner,Janice.Hefner,Female,1
Linda,Hawkins,Linda.Hawkins,Female,1
Alice,Ramirez,Alice.Ramirez,Female,1
Theresa,Hewitt,Theresa.Hewitt,Female,1
Kristy,Buck,Kristy.Buck,Female,1
Linda,Smith,Linda.Smith,Female,1
Annie,Pugh,Annie.Pugh,Female,1
Kristine,Tieman,Kristine.Tieman,Female,1
Patricia,Mcgowan,Patricia.Mcgowan,Female,1
Michael,Glynn,Michael.Glynn,Female,1
Lynda,Beshears,Lynda.Beshears,Female,1
Susan,Kinnaman,Susan.Kinnaman,Female,1
Edith,Figueroa,Edith.Figueroa,Female,1
Jennifer,Urmos,Jennifer.Urmos,Female,1
Jessica,Beaudry,Jessica.Beaudry,Female,1
Ruth,Bosley,Ruth.Bosley,Female,1
Patricia,Bray,Patricia.Bray,Female,1
Debbie,Crabtree,Debbie.Crabtree,Female,1
Corinne,Orahood,Corinne.Orahood,Female,1
Edith,Pierce,Edith.Pierce,Female,1
Lourdes,Webb,Lourdes.Webb,Female,1
Rita,Cesena,Rita.Cesena,Female,1
Brittany,Kim,Brittany.Kim,Female,1
Ella,Bateman,Ella.Bateman,Female,1
Sheila,Larkin,Sheila.Larkin,Female,1
Lydia,White,Lydia.White,Female,1
Leah,Cain,Leah.Cain,Female,1
Sarah,Brackeen,Sarah.Brackeen,Female,1
Dolly,Rodriguez,Dolly.Rodriguez,Female,1
Golda,Vig,Golda.Vig,Female,1
Amy,Wylie,Amy.Wylie,Female,1
Ellen,Marvin,Ellen.Marvin,Female,1
Mary,Lott,Mary.Lott,Female,1
Gabriela,Baisch,Gabriela.Baisch,Female,1
Heather,Butt,Heather.Butt,Female,1
Joann,Hooks,Joann.Hooks,Female,1
Christie,Sande,Christie.Sande,Female,1
Elizabeth,Newman,Elizabeth.Newman,Female,1
Lorraine,Ryan,Lorraine.Ryan,Female,1
Paulette,Tennies,Paulette.Tennies,Female,1
Selina,Rivard,Selina.Rivard,Female,1
Mary,Purifoy,Mary.Purifoy,Female,1
Heather,Simpson,Heather.Simpson,Female,1
Kelsey,Leibowitz,Kelsey.Leibowitz,Female,1
Jill,Brown,Jill.Brown,Female,1
Jeanette,Page,Jeanette.Page,Female,1
Dalia,Duong,Dalia.Duong,Female,1
Laura,Cuesta,Laura.Cuesta,Female,1
Pamela,Zirin,Pamela.Zirin,Female,1
Faye,Zimmerman,Faye.Zimmerman,Female,1
Paula,Sumbry,Paula.Sumbry,Female,1
Carol,Weaver,Carol.Weaver,Female,1
Dianne,Noble,Dianne.Noble,Female,1
Opal,Weymouth,Opal.Weymouth,Female,1
Laura,Blackard,Laura.Blackard,Female,1
Erin,Routt,Erin.Routt,Female,1
Margaret,Desimone,Margaret.Desimone,Female,1
Jacqueline,Wyant,Jacqueline.Wyant,Female,1
Lauren,Solomon,Lauren.Solomon,Female,1
Mayra,Smith,Mayra.Smith,Female,1
Erma,James,Erma.James,Female,1
Charlesetta,Hernandez,Charlesetta.Hernandez,Female,1
Alice,Aldrich,Alice.Aldrich,Female,1
Marie,Campbell,Marie.Campbell,Female,1
Gail,Carroll,Gail.Carroll,Female,1
Mary,Bailey,Mary.Bailey,Female,1
Bonnie,Villa,Bonnie.Villa,Female,1
Deborah,Rodocker,Deborah.Rodocker,Female,1
Evelyn,Rodriquez,Evelyn.Rodriquez,Female,1
Charlene,Corbett,Charlene.Corbett,Female,1
Cynthia,Matthews,Cynthia.Matthews,Female,1
Gayla,Mattas,Gayla.Mattas,Female,1
Susie,Melton,Susie.Melton,Female,1
Millicent,Stroman,Millicent.Stroman,Female,1
Jeanette,Hedman,Jeanette.Hedman,Female,1
Valerie,Williamson,Valerie.Williamson,Female,1
Laura,Sinstack,Laura.Sinstack,Female,1
Rena,Crawford,Rena.Crawford,Female,1
Geraldine,Goulet,Geraldine.Goulet,Female,1
Joellen,Corrado,Joellen.Corrado,Female,1
Tammy,Blalock,Tammy.Blalock,Female,1
Janet,Payne,Janet.Payne,Female,1
Charlene,Widger,Charlene.Widger,Female,1
Sharon,Everhart,Sharon.Everhart,Female,1
John,Gay,John.Gay,Male,1
Dennis,Barry,Dennis.Barry,Male,1
Thomas,Hunter,Thomas.Hunter,Male,1
Tom,Reis,Tom.Reis,Male,1
Paul,Allen,Paul.Allen,Male,1
George,Knapp,George.Knapp,Male,1
George,Walsh,George.Walsh,Male,1
Jeff,Byars,Jeff.Byars,Male,1
Frank,Jenkins,Frank.Jenkins,Male,1
Michael,Mazurek,Michael.Mazurek,Male,1
Carl,Bonavia,Carl.Bonavia,Male,1
Steven,Ellis,Steven.Ellis,Male,1
Robert,Ballance,Robert.Ballance,Male,1
Antonio,Fitzgerald,Antonio.Fitzgerald,Male,1
John,Harrison,John.Harrison,Male,1
Coy,Pugliese,Coy.Pugliese,Male,1
Noah,Graham,Noah.Graham,Male,1
Jonathan,Landeros,Jonathan.Landeros,Male,1
Robert,Walsh,Robert.Walsh,Male,1
Carl,Williams,Carl.Williams,Male,1
Scott,Griggs,Scott.Griggs,Male,1
William,Lazor,William.Lazor,Male,1
Clyde,Eiselein,Clyde.Eiselein,Male,1
Clarence,Rodriguez,Clarence.Rodriguez,Male,1
Michael,Case,Michael.Case,Male,1
Vincent,Arriola,Vincent.Arriola,Male,1
John,Sevier,John.Sevier,Male,1
Gregory,Hayes,Gregory.Hayes,Male,1
Richard,Davis,Richard.Davis,Male,1
Bruce,Johnson,Bruce.Johnson,Male,1
Elias,Brandt,Elias.Brandt,Male,1
Raymond,Zabel,Raymond.Zabel,Male,1
Russell,Horton,Russell.Horton,Male,1
Johnny,Spencer,Johnny.Spencer,Male,1
Oliver,Matthews,Oliver.Matthews,Male,1
Carl,Wilkes,Carl.Wilkes,Male,1
Tommy,Yaney,Tommy.Yaney,Male,1
Douglas,Player,Douglas.Player,Male,1
Jerry,Kelley,Jerry.Kelley,Male,1
Jonathan,Butler,Jonathan.Butler,Male,1
Mark,Powers,Mark.Powers,Male,1
Kenneth,Carhart,Kenneth.Carhart,Male,1
Ronald,Lloyd,Ronald.Lloyd,Male,1
John,Houston,John.Houston,Male,1
Ferdinand,Miller,Ferdinand.Miller,Male,1
Robert,Dominick,Robert.Dominick,Male,1
Donald,Fleeman,Donald.Fleeman,Male,1
Joseph,Salley,Joseph.Salley,Male,1
Bradley,Hyler,Bradley.Hyler,Male,1
Brian,Hagen,Brian.Hagen,Male,1
Stuart,Lu,Stuart.Lu,Male,1
Jose,Keller,Jose.Keller,Male,1
Robert,Kimberlin,Robert.Kimberlin,Male,1
Donald,Hamilton,Donald.Hamilton,Male,1
Brandon,Moore,Brandon.Moore,Male,1
James,Vuong,James.Vuong,Male,1
Brandon,Waters,Brandon.Waters,Male,1
Brett,Chisholm,Brett.Chisholm,Male,1
John,Patrick,John.Patrick,Male,1
Johnny,Johnson,Johnny.Johnson,Male,1
James,Sjogren,James.Sjogren,Male,1
James,Bryant,James.Bryant,Male,1
Bradley,Thomas,Bradley.Thomas,Male,1
Elwood,Cross,Elwood.Cross,Male,1
John,Raymond,John.Raymond,Male,1
Randy,Kemerer,Randy.Kemerer,Male,1
Lewis,Willis,Lewis.Willis,Male,1
Daniel,Pasco,Daniel.Pasco,Male,1
Larry,Martin,Larry.Martin,Male,1
Frederic,Hess,Frederic.Hess,Male,1
Daniel,Mendoza,Daniel.Mendoza,Male,1
Moshe,Schroder,Moshe.Schroder,Male,1
James,Heard,James.Heard,Male,1
Jose,East,Jose.East,Male,1
Harold,Becnel,Harold.Becnel,Male,1
Paul,Driscoll,Paul.Driscoll,Male,1
David,Seneca,David.Seneca,Male,1
Wayne,Morrison,Wayne.Morrison,Male,1
David,Brown,David.Brown,Male,1
Kenneth,Garris,Kenneth.Garris,Male,1
Donald,Mcreynolds,Donald.Mcreynolds,Male,1
Lynn,Simon,Lynn.Simon,Male,1
Marcus,Davis,Marcus.Davis,Male,1
Juan,Mclavrin,Juan.Mclavrin,Male,1
Edward,Witt,Edward.Witt,Male,1
Ryan,Bell,Ryan.Bell,Male,1
Louis,Irons,Louis.Irons,Male,1
Jacob,Marusak,Jacob.Marusak,Male,1
David,Nelson,David.Nelson,Male,1
Charles,Mikolajczyk,Charles.Mikolajczyk,Male,1
Gilberto,Parker,Gilberto.Parker,Male,1
Gregory,Lapointe,Gregory.Lapointe,Male,1
Gerald,Storey,Gerald.Storey,Male,1
John,Caton,John.Caton,Male,1
Joe,Guedry,Joe.Guedry,Male,1
Evan,French,Evan.French,Male,1
John,Mizrahi,John.Mizrahi,Male,1
Don,Krebs,Don.Krebs,Male,1
John,Allen,John.Allen,Male,1
Luis,Henry,Luis.Henry,Male,1
Mack,Mcmillan,Mack.Mcmillan,Male,1
Richard,Green,Richard.Green,Male,1
George,Ray,George.Ray,Male,1
Leonard,Parks,Leonard.Parks,Male,1
Aaron,Cerza,Aaron.Cerza,Male,1
Mitchel,Bickham,Mitchel.Bickham,Male,1
Gary,Javier,Gary.Javier,Male,1
Edward,Lafontaine,Edward.Lafontaine,Male,1
Eddie,Wortham,Eddie.Wortham,Male,1
Henry,Carpenter,Henry.Carpenter,Male,1
Sylvester,Malkani,Sylvester.Malkani,Male,1
Walter,Norris,Walter.Norris,Male,1
Clayton,Goodwin,Clayton.Goodwin,Male,1
Marcus,Cox,Marcus.Cox,Male,1
Julio,Morgan,Julio.Morgan,Male,1
Edward,Winters,Edward.Winters,Male,1
William,Naffziger,William.Naffziger,Male,1
Robert,Tomassi,Robert.Tomassi,Male,1
Norman,Cunningham,Norman.Cunningham,Male,1
Richard,Zielinski,Richard.Zielinski,Male,1
Martin,Frederick,Martin.Frederick,Male,1
Ronald,Barbeau,Ronald.Barbeau,Male,1
Mario,Desch,Mario.Desch,Male,1
John,Gonzalez,John.Gonzalez,Male,1
Edward,Slade,Edward.Slade,Male,1
John,Shackley,John.Shackley,Male,1
Joesph,Hamilton,Joesph.Hamilton,Male,1
Melvin,Dunkleberger,Melvin.Dunkleberger,Male,1
Mark,Frizzell,Mark.Frizzell,Male,1
Ted,Hazard,Ted.Hazard,Male,1
Michael,Briseno,Michael.Briseno,Male,1
Saul,Beckler,Saul.Beckler,Male,1
David,Wiley,David.Wiley,Male,1
David,Neal,David.Neal,Male,1
Ken,Turgeon,Ken.Turgeon,Male,1
Matthew,Reddout,Matthew.Reddout,Male,1
Granville,Davis,Granville.Davis,Male,1
Javier,Thornburg,Javier.Thornburg,Male,1
Patrick,Coverdale,Patrick.Coverdale,Male,1
Darren,Mondier,Darren.Mondier,Male,1
Jason,Barnes,Jason.Barnes,Male,1
Aaron,Nguyen,Aaron.Nguyen,Male,1
Byron,Kearns,Byron.Kearns,Male,1
Richard,Williams,Richard.Williams,Male,1
Morton,Heald,Morton.Heald,Male,1
Joshua,Rennemeyer,Joshua.Rennemeyer,Male,1
John,Haley,John.Haley,Male,1
William,Harris,William.Harris,Male,1
Monte,Stephens,Monte.Stephens,Male,1
George,Lane,George.Lane,Male,1
Derek,Fisher,Derek.Fisher,Male,1
Everett,Sauer,Everett.Sauer,Male,1
Robert,Minor,Robert.Minor,Male,1
Louis,Conteras,Louis.Conteras,Male,1
Lester,Walker,Lester.Walker,Male,1
Johnnie,Jenkins,Johnnie.Jenkins,Male,1
Dewey,Sanchez,Dewey.Sanchez,Male,1
Chad,Rand,Chad.Rand,Male,1
Steve,Kee,Steve.Kee,Male,1
Timothy,Dickerson,Timothy.Dickerson,Male,1
Samuel,Arreola,Samuel.Arreola,Male,1
John,Carlisle,John.Carlisle,Male,1
Edward,Adams,Edward.Adams,Male,1
Thomas,Martinez,Thomas.Martinez,Male,1
Eric,Shields,Eric.Shields,Male,1
Stephen,Cole,Stephen.Cole,Male,1
Bradley,Curiel,Bradley.Curiel,Male,1
Frank,Laing,Frank.Laing,Male,1
Edward,Davis,Edward.Davis,Male,1
Michael,Strong,Michael.Strong,Male,1
Stephen,Dubuque,Stephen.Dubuque,Male,1
Anthony,Barroso,Anthony.Barroso,Male,1
Mark,Hansen,Mark.Hansen,Male,1
Ruben,Melendez,Ruben.Melendez,Male,1
Patrick,Stacy,Patrick.Stacy,Male,1
Gary,Grove,Gary.Grove,Male,1
Nathan,Monte,Nathan.Monte,Male,1
Billy,Johnson,Billy.Johnson,Male,1
Benjamin,Adell,Benjamin.Adell,Male,1
Donald,Williams,Donald.Williams,Male,1
Matthew,Core,Matthew.Core,Male,1
Jody,Niess,Jody.Niess,Male,1
George,Rosado,George.Rosado,Male,1
Thomas,Cash,Thomas.Cash,Male,1
Dan,Williams,Dan.Williams,Male,1
Mark,Lackey,Mark.Lackey,Male,1
Young,Harlow,Young.Harlow,Male,1
Robert,Wellington,Robert.Wellington,Male,1
Travis,Conroy,Travis.Conroy,Male,1
Jon,Thomas,Jon.Thomas,Male,1
Todd,Hernandez,Todd.Hernandez,Male,1
Michael,Marlowe,Michael.Marlowe,Male,1
Alan,Wade,Alan.Wade,Male,1
Kent,Smith,Kent.Smith,Male,1
Sung,Navarrete,Sung.Navarrete,Male,1
Melvin,Shaw,Melvin.Shaw,Male,1
William,Fox,William.Fox,Male,1
Dwain,Guerrero,Dwain.Guerrero,Male,1
James,Cass,James.Cass,Male,1
Stephen,Nehlsen,Stephen.Nehlsen,Male,1
David,Clark,David.Clark,Male,1
Jason,Daniel,Jason.Daniel,Male,1
Daniel,Merryman,Daniel.Merryman,Male,1
Mark,Tiedeman,Mark.Tiedeman,Male,1
John,Whittenbeck,John.Whittenbeck,Male,1
Christopher,Moreno,Christopher.Moreno,Male,1
Kyle,Hunt,Kyle.Hunt,Male,1
Thomas,Ramey,Thomas.Ramey,Male,1
Raymond,Armagost,Raymond.Armagost,Male,1
Alan,Fritz,Alan.Fritz,Male,1
James,Edwards,James.Edwards,Male,1
David,Sims,David.Sims,Male,1
Ed,Sterling,Ed.Sterling,Male,1
Carlos,Crow,Carlos.Crow,Male,1
Lincoln,Smith,Lincoln.Smith,Male,1
Samuel,Montalvo,Samuel.Montalvo,Male,1
Christopher,Boham,Christopher.Boham,Male,1
Mark,Rodriguez,Mark.Rodriguez,Male,1
Shaun,Lowery,Shaun.Lowery,Male,1
Leon,Tunnell,Leon.Tunnell,Male,1
Clyde,Bean,Clyde.Bean,Male,1
Charles,Emerson,Charles.Emerson,Male,1
Gordon,Singleton,Gordon.Singleton,Male,1
Donald,Mccorkle,Donald.Mccorkle,Male,1
Edward,Kehoe,Edward.Kehoe,Male,1
Bryan,Murray,Bryan.Murray,Male,1
Michael,Docken,Michael.Docken,Male,1
Alan,Gibson,Alan.Gibson,Male,1
John,Beall,John.Beall,Male,1
Nelson,Davis,Nelson.Davis,Male,1
Gregory,Daniels,Gregory.Daniels,Male,1
Leslie,Sandoval,Leslie.Sandoval,Male,1
Andrew,Benn,Andrew.Benn,Male,1
Frederick,Walter,Frederick.Walter,Male,1
Leo,Irwin,Leo.Irwin,Male,1
Curtis,Mckee,Curtis.Mckee,Male,1
Charles,Wilson,Charles.Wilson,Male,1
Harlan,Skiles,Harlan.Skiles,Male,1
Thomas,Newman,Thomas.Newman,Male,1
Pedro,Ellison,Pedro.Ellison,Male,1
Joseph,Tidwell,Joseph.Tidwell,Male,1
Nicholas,Lomax,Nicholas.Lomax,Male,1
Mark,Peterson,Mark.Peterson,Male,1
Carlos,Ruiz,Carlos.Ruiz,Male,1
George,Bennetts,George.Bennetts,Male,1
Daniel,Beers,Daniel.Beers,Male,1
Sherman,Coronado,Sherman.Coronado,Male,1
William,Toth,William.Toth,Male,1
Phillip,Mack,Phillip.Mack,Male,1
Leonard,Hill,Leonard.Hill,Male,1
John,Reading,John.Reading,Male,1
Kirk,Collins,Kirk.Collins,Male,1
Byron,Garcia,Byron.Garcia,Male,1
Norris,Weakland,Norris.Weakland,Male,1
Ira,Kovac,Ira.Kovac,Male,1
Andrew,Hue,Andrew.Hue,Male,1
David,Myers,David.Myers,Male,1
Roger,Miller,Roger.Miller,Male,1
Man,Barrett,Man.Barrett,Male,1
Jeffrey,Middleton,Jeffrey.Middleton,Male,1
Robin,Jordan,Robin.Jordan,Male,1
Kenneth,Campbell,Kenneth.Campbell,Male,1
Scott,Rodriquez,Scott.Rodriquez,Male,1
Harold,Coleman,Harold.Coleman,Male,1
Mario,Clary,Mario.Clary,Male,1
William,Rice,William.Rice,Male,1
Dennis,Lowe,Dennis.Lowe,Male,1
Jimmy,Blakely,Jimmy.Blakely,Male,1
William,Jenkins,William.Jenkins,Male,1
Jeffrey,Delvalle,Jeffrey.Delvalle,Male,1
Stanley,Tyler,Stanley.Tyler,Male,1
Clyde,Edrington,Clyde.Edrington,Male,1
Earnest,Lopez,Earnest.Lopez,Male,1
Donald,Anderson,Donald.Anderson,Male,1
Thomas,Travis,Thomas.Travis,Male,1
Kevin,Henry,Kevin.Henry,Male,1
Kenneth,Griffin,Kenneth.Griffin,Male,1
Louis,Keeler,Louis.Keeler,Male,1
Nicholas,Coyle,Nicholas.Coyle,Male,1
John,Herrera,John.Herrera,Male,1
David,Spease,David.Spease,Male,1
Nicholas,Strong,Nicholas.Strong,Male,1
Anthony,Trask,Anthony.Trask,Male,1
Ryan,Lozano,Ryan.Lozano,Male,1
Danny,Zeno,Danny.Zeno,Male,1
Craig,Parker,Craig.Parker,Male,1
David,Stacy,David.Stacy,Male,1
Roy,Runk,Roy.Runk,Male,1
Edward,Fikes,Edward.Fikes,Male,1
Anthony,Dillard,Anthony.Dillard,Male,1
Larry,Nieves,Larry.Nieves,Male,1
Paul,Ourada,Paul.Ourada,Male,1
Donald,Barto,Donald.Barto,Male,1
Robert,Caswell,Robert.Caswell,Male,1
Ken,Jones,Ken.Jones,Male,1
Clarence,Romero,Clarence.Romero,Male,1
Kevin,Butterfield,Kevin.Butterfield,Male,1
Matthew,Mcanally,Matthew.Mcanally,Male,1
Rodney,Griffin,Rodney.Griffin,Male,1
Willard,Melena,Willard.Melena,Male,1
George,Scholz,George.Scholz,Male,1
Theodore,Rindels,Theodore.Rindels,Male,1
Christopher,Mckinney,Christopher.Mckinney,Male,1
Cory,Goldsberry,Cory.Goldsberry,Male,1
Frederick,Johnson,Frederick.Johnson,Male,1
Donald,Parker,Donald.Parker,Male,1
William,Day,William.Day,Male,1
Christopher,Peterson,Christopher.Peterson,Male,1
Michael,Shea,Michael.Shea,Male,1
Eddie,Cessna,Eddie.Cessna,Male,1
Lucas,Blocher,Lucas.Blocher,Male,1
Daniel,Garcia,Daniel.Garcia,Male,1
Thomas,Oshaughnessy,Thomas.Oshaughnessy,Male,1
Luis,Hawkins,Luis.Hawkins,Male,1
Marcus,Welch,Marcus.Welch,Male,1
Glen,Miller,Glen.Miller,Male,1
Duncan,Villeda,Duncan.Villeda,Male,1
Matthew,Ayers,Matthew.Ayers,Male,1
Edmond,Vanhoose,Edmond.Vanhoose,Male,1
Raymond,Moxley,Raymond.Moxley,Male,1
George,Lozano,George.Lozano,Male,1
Stewart,Jarosz,Stewart.Jarosz,Male,1
Jeramy,Hamilton,Jeramy.Hamilton,Male,1
Scott,Behr,Scott.Behr,Male,1
Blair,Lasure,Blair.Lasure,Male,1
Leo,Horner,Leo.Horner,Male,1
Edward,Hansen,Edward.Hansen,Male,1
Thomas,Merhar,Thomas.Merhar,Male,1
Harold,Johnson,Harold.Johnson,Male,1
Jasper,Hidvegi,Jasper.Hidvegi,Male,1
Roscoe,Aguilar,Roscoe.Aguilar,Male,1
Curtis,Fahie,Curtis.Fahie,Male,1
John,White,John.White,Male,1
Anthony,Ratliff,Anthony.Ratliff,Male,1
Billy,Fasano,Billy.Fasano,Male,1
Perry,Klapper,Perry.Klapper,Male,1
Sergio,Ravenell,Sergio.Ravenell,Male,1
Charles,Cunha,Charles.Cunha,Male,1
George,Stegman,George.Stegman,Male,1
David,Leversee,David.Leversee,Male,1
Walter,Broughton,Walter.Broughton,Male,1
Charles,Edwards,Charles.Edwards,Male,1
Wesley,Krans,Wesley.Krans,Male,1
Joseph,Furches,Joseph.Furches,Male,1
David,Carr,David.Carr,Male,1
Claudio,Womack,Claudio.Womack,Male,1
Kevin,Muffley,Kevin.Muffley,Male,1
Paul,Owen,Paul.Owen,Male,1
Brandon,Cantave,Brandon.Cantave,Male,1
Herbert,Ousley,Herbert.Ousley,Male,1
Harry,Mobilia,Harry.Mobilia,Male,1
Jose,Foster,Jose.Foster,Male,1
Anthony,Judd,Anthony.Judd,Male,1
Craig,Belvin,Craig.Belvin,Male,1
Willard,Brown,Willard.Brown,Male,1
Solomon,Weitzman,Solomon.Weitzman,Male,1
Bruce,Lawless,Bruce.Lawless,Male,1
Mario,Bell,Mario.Bell,Male,1
Andrew,Gleaton,Andrew.Gleaton,Male,1
Abel,Hannah,Abel.Hannah,Male,1
Alan,Tomlinson,Alan.Tomlinson,Male,1
Robert,Mackenzie,Robert.Mackenzie,Male,1
Steven,Burchill,Steven.Burchill,Male,1
George,Dale,George.Dale,Male,1
Jerome,Hollis,Jerome.Hollis,Male,1
Joshua,Varner,Joshua.Varner,Male,1
Charles,Hunnings,Charles.Hunnings,Male,1
Robert,Gonzales,Robert.Gonzales,Male,1
Eric,Ceballos,Eric.Ceballos,Male,1
Steven,Livingston,Steven.Livingston,Male,1
Joseph,Fleming,Joseph.Fleming,Male,1
Bernardo,Garland,Bernardo.Garland,Male,1
Stephen,Leatherwood,Stephen.Leatherwood,Male,1
Jorge,Perdue,Jorge.Perdue,Male,1
Joshua,Adams,Joshua.Adams,Male,1
Paul,Skelley,Paul.Skelley,Male,1
David,Anderson,David.Anderson,Male,1
Gerardo,Lakey,Gerardo.Lakey,Male,1
Wayne,Robinson,Wayne.Robinson,Male,1
Tony,Stanley,Tony.Stanley,Male,1
Bruce,Bickford,Bruce.Bickford,Male,1
Melvin,Stevens,Melvin.Stevens,Male,1
Sheldon,Hadlock,Sheldon.Hadlock,Male,1
Jeff,Rogers,Jeff.Rogers,Male,1
Lonnie,Burton,Lonnie.Burton,Male,1
Carlos,Philbrook,Carlos.Philbrook,Male,1
Robert,Peterson,Robert.Peterson,Male,1
James,Riggs,James.Riggs,Male,1
John,Wheeler,John.Wheeler,Male,1
John,Kyle,John.Kyle,Male,1
Carlton,Lunsford,Carlton.Lunsford,Male,1
Saul,Bovee,Saul.Bovee,Male,1
Todd,Mabery,Todd.Mabery,Male,1
James,Smith,James.Smith,Male,1
Robert,Deason,Robert.Deason,Male,1
Bret,Myers,Bret.Myers,Male,1
Edward,Lavender,Edward.Lavender,Male,1
Eduardo,Tidwell,Eduardo.Tidwell,Male,1
William,Guiles,William.Guiles,Male,1
James,Gillette,James.Gillette,Male,1
Jack,Lindall,Jack.Lindall,Male,1
Jason,Crowder,Jason.Crowder,Male,1
James,Henry,James.Henry,Male,1
Alberto,Cline,Alberto.Cline,Male,1
Tom,Harrison,Tom.Harrison,Male,1
Roland,Menze,Roland.Menze,Male,1
Sean,Ard,Sean.Ard,Male,1
Thomas,Jemmott,Thomas.Jemmott,Male,1
Harris,Norman,Harris.Norman,Male,1
Gerald,Sanders,Gerald.Sanders,Male,1
Chris,Boyd,Chris.Boyd,Male,1
Shawn,Moore,Shawn.Moore,Male,1
Jason,Vanhoy,Jason.Vanhoy,Male,1
Charles,Howell,Charles.Howell,Male,1
Louis,Lively,Louis.Lively,Male,1
Claude,Whitman,Claude.Whitman,Male,1
Daniel,Anderson,Daniel.Anderson,Male,1
Charles,Baridon,Charles.Baridon,Male,1
Thomas,Santos,Thomas.Santos,Male,1
Chad,Kocka,Chad.Kocka,Male,1
Kevin,Acencio,Kevin.Acencio,Male,1
Richard,Sears,Richard.Sears,Male,1
Clarence,Mccall,Clarence.Mccall,Male,1
Dante,Pan,Dante.Pan,Male,1
Bradley,Closson,Bradley.Closson,Male,1
Clinton,Kriegel,Clinton.Kriegel,Male,1
Elwood,Kunz,Elwood.Kunz,Male,1
Kenneth,Kelley,Kenneth.Kelley,Male,1
Shawn,Scher,Shawn.Scher,Male,1
John,Harris,John.Harris,Male,1
Clyde,Lampe,Clyde.Lampe,Male,1
James,Sanchez,James.Sanchez,Male,1
Jean,Lewis,Jean.Lewis,Male,1
John,Cohen,John.Cohen,Male,1
Guy,Hankey,Guy.Hankey,Male,1
Earl,Craven,Earl.Craven,Male,1
Raul,Denton,Raul.Denton,Male,1
Nicholas,Williams,Nicholas.Williams,Male,1
Jeffrey,Perreira,Jeffrey.Perreira,Male,1
Brad,Brown,Brad.Brown,Male,1
Gerald,Parker,Gerald.Parker,Male,1
Roland,Daley,Roland.Daley,Male,1
Otto,Thompson,Otto.Thompson,Male,1
Michael,Manno,Michael.Manno,Male,1
Clyde,Shear,Clyde.Shear,Male,1
Dustin,Bodey,Dustin.Bodey,Male,1
Mark,Montoya,Mark.Montoya,Male,1
Louis,Dagle,Louis.Dagle,Male,1
Jim,Hunt,Jim.Hunt,Male,1
Javier,Sanders,Javier.Sanders,Male,1
William,Farrell,William.Farrell,Male,1
Dan,Snyder,Dan.Snyder,Male,1
Lyle,Weatherly,Lyle.Weatherly,Male,1
Paul,Lindquist,Paul.Lindquist,Male,1
Nicholas,Reid,Nicholas.Reid,Male,1
Christopher,Crayton,Christopher.Crayton,Male,1
Gary,Jackson,Gary.Jackson,Male,1
Frank,Greer,Frank.Greer,Male,1
Virgil,Rayford,Virgil.Rayford,Male,1
Daniel,Laws,Daniel.Laws,Male,1
Ernest,Holdridge,Ernest.Holdridge,Male,1
Daryl,Rivera,Daryl.Rivera,Male,1
James,Hogston,James.Hogston,Male,1
Raymond,Rankin,Raymond.Rankin,Male,1
Charles,Steins,Charles.Steins,Male,1
Joseph,Prendergast,Joseph.Prendergast,Male,1
Brandon,Ward,Brandon.Ward,Male,1
James,Todd,James.Todd,Male,1
Ronald,Parkerson,Ronald.Parkerson,Male,1
Aaron,Jensen,Aaron.Jensen,Male,1
Jeff,Meecham,Jeff.Meecham,Male,1
Donald,Hargrove,Donald.Hargrove,Male,1
Jesse,Jones,Jesse.Jones,Male,1
Michael,Palmer,Michael.Palmer,Male,1
Michael,Vanhandel,Michael.Vanhandel,Male,1
Douglas,Mayher,Douglas.Mayher,Male,1
Wes,Ridings,Wes.Ridings,Male,1
Ken,Cabrera,Ken.Cabrera,Male,1
William,Duncan,William.Duncan,Male,1
Robert,Adams,Robert.Adams,Male,1
Michael,Holmes,Michael.Holmes,Male,1
Charles,Rodriguez,Charles.Rodriguez,Male,1
George,Carpenter,George.Carpenter,Male,1
Douglas,Anderson,Douglas.Anderson,Male,1
Joseph,Sadler,Joseph.Sadler,Male,1
Douglas,Moser,Douglas.Moser,Male,1
Thomas,Clark,Thomas.Clark,Male,1
Michael,Cady,Michael.Cady,Male,1
Enrique,Hardy,Enrique.Hardy,Male,1
Randy,Letchworth,Randy.Letchworth,Male,1
Rex,Tillman,Rex.Tillman,Male,1
Richard,Henry,Richard.Henry,Male,1
Kerry,Kelly,Kerry.Kelly,Male,1
Rodney,Stalker,Rodney.Stalker,Male,1
Larry,Garay,Larry.Garay,Male,1
James,Mcgovern,James.Mcgovern,Male,1
James,Jones,James.Jones,Male,1
Edward,Wachtel,Edward.Wachtel,Male,1
Gilberto,Jones,Gilberto.Jones,Male,1
Manuel,Ahrens,Manuel.Ahrens,Male,1
